count,.pred,by5,isPred,Peak,isPeak,upper,lower
34,29.834276497605202,2024-06-03 11:10:00,0,83.27127357846442,0,NA,NA
37,34.05942798629563,2024-06-03 11:15:00,0,83.27127357846442,0,NA,NA
34,37.41178046385308,2024-06-03 11:20:00,0,83.27127357846442,0,NA,NA
33,33.69226567046171,2024-06-03 11:25:00,0,83.27127357846442,0,NA,NA
35,32.8965811487112,2024-06-03 11:30:00,0,83.27127357846442,0,NA,NA
38,35.05559941495011,2024-06-03 11:35:00,0,83.27127357846442,0,NA,NA
40,38.29046816885587,2024-06-03 11:40:00,0,83.27127357846442,0,NA,NA
41,40.44814526094362,2024-06-03 11:45:00,0,83.27127357846442,0,NA,NA
46,41.292476606322055,2024-06-03 11:50:00,0,83.27127357846442,0,NA,NA
48,47.18088240840118,2024-06-03 11:55:00,0,83.27127357846442,0,NA,NA
45,49.33183545437459,2024-06-03 12:00:00,0,83.27127357846442,0,NA,NA
46,45.425081729295876,2024-06-03 12:05:00,0,83.27127357846442,0,NA,NA
44,46.28129772724338,2024-06-03 12:10:00,0,83.27127357846442,0,NA,NA
45,44.013129083387604,2024-06-03 12:15:00,0,83.27127357846442,0,NA,NA
45,44.95610011657277,2024-06-03 12:20:00,0,83.27127357846442,0,NA,NA
46,44.6248703050772,2024-06-03 12:25:00,0,83.27127357846442,0,NA,NA
46,45.62261833917432,2024-06-03 12:30:00,0,83.27127357846442,0,NA,NA
45,45.62864696702886,2024-06-03 12:35:00,0,83.27127357846442,0,NA,NA
47,44.388453388275884,2024-06-03 12:40:00,0,83.27127357846442,0,NA,NA
47,46.7361750178271,2024-06-03 12:45:00,0,83.27127357846442,0,NA,NA
50,46.25589232059689,2024-06-03 12:50:00,0,83.27127357846442,0,NA,NA
53,49.60798543839537,2024-06-03 12:55:00,0,83.27127357846442,0,NA,NA
48,52.63951395273014,2024-06-03 13:00:00,0,83.27127357846442,0,NA,NA
45,46.979121614268216,2024-06-03 13:05:00,0,83.27127357846442,0,NA,NA
46,44.27953666788758,2024-06-03 13:10:00,0,83.27127357846442,0,NA,NA
43,45.09148764910125,2024-06-03 13:15:00,0,83.27127357846442,0,NA,NA
43,41.86420002668034,2024-06-03 13:20:00,0,83.27127357846442,0,NA,NA
39,42.01626428213656,2024-06-03 13:25:00,0,83.27127357846442,0,NA,NA
39,37.97740116566142,2024-06-03 13:30:00,0,83.27127357846442,0,NA,NA
44,38.34428347306394,2024-06-03 13:35:00,0,83.27127357846442,0,NA,NA
37,44.357412981774765,2024-06-03 13:45:00,0,83.27127357846442,0,NA,NA
39,36.43536404485011,2024-06-03 13:50:00,0,83.27127357846442,0,NA,NA
39,38.68509857753596,2024-06-03 13:55:00,0,83.27127357846442,0,NA,NA
38,38.855809998997245,2024-06-03 14:00:00,0,83.27127357846442,0,NA,NA
36,37.87033458265307,2024-06-03 14:05:00,0,83.27127357846442,0,NA,NA
39,36.32132733372279,2024-06-03 14:10:00,0,83.27127357846442,0,NA,NA
41,39.193420575579566,2024-06-03 14:15:00,0,83.27127357846442,0,NA,NA
42,41.504364257676684,2024-06-03 14:20:00,0,83.27127357846442,0,NA,NA
42,42.67781923744848,2024-06-03 14:25:00,0,83.27127357846442,0,NA,NA
47,42.623178398462045,2024-06-03 14:30:00,0,83.27127357846442,0,NA,NA
49,47.64329754388767,2024-06-03 14:35:00,0,83.27127357846442,0,NA,NA
49,49.54762743743966,2024-06-03 14:40:00,0,83.27127357846442,0,NA,NA
53,49.28573109378815,2024-06-03 14:45:00,0,83.27127357846442,0,NA,NA
52,53.27001951306332,2024-06-03 14:50:00,0,83.27127357846442,0,NA,NA
49,52.11465314767732,2024-06-03 14:55:00,0,83.27127357846442,0,NA,NA
47,49.10352865819436,2024-06-03 15:00:00,0,83.27127357846442,0,NA,NA
46,47.30968766709215,2024-06-03 15:05:00,0,83.27127357846442,0,NA,NA
50,46.01348306795957,2024-06-03 15:10:00,0,83.27127357846442,0,NA,NA
54,50.57355849424054,2024-06-03 15:15:00,0,83.27127357846442,0,NA,NA
51,55.33506148057398,2024-06-03 15:20:00,0,83.27127357846442,0,NA,NA
53,52.128680537916246,2024-06-03 15:25:00,0,83.27127357846442,0,NA,NA
60,54.08329602861618,2024-06-03 15:30:00,0,83.27127357846442,0,NA,NA
61,61.3266052180858,2024-06-03 15:35:00,0,83.27127357846442,0,NA,NA
63,61.72934396215371,2024-06-03 15:40:00,0,83.27127357846442,0,NA,NA
60,63.48708533517519,2024-06-03 15:45:00,0,83.27127357846442,0,NA,NA
59,60.26242633358542,2024-06-03 15:50:00,0,83.27127357846442,0,NA,NA
59,59.040153427560284,2024-06-03 15:55:00,0,83.27127357846442,0,NA,NA
60,58.807888165487725,2024-06-03 16:05:00,0,83.27127357846442,0,NA,NA
60,60.136777237131646,2024-06-03 16:10:00,0,83.27127357846442,0,NA,NA
66,59.81719482967458,2024-06-03 16:15:00,0,83.27127357846442,0,NA,NA
66,66.34919487557643,2024-06-03 16:20:00,0,83.27127357846442,0,NA,NA
68,66.46294315640742,2024-06-03 16:25:00,0,83.27127357846442,0,NA,NA
67,68.36657266807376,2024-06-03 16:30:00,0,83.27127357846442,0,NA,NA
67,67.42071708724637,2024-06-03 16:35:00,0,83.27127357846442,0,NA,NA
74,67.48488763044291,2024-06-03 16:40:00,0,83.27127357846442,0,NA,NA
78,75.29603716922846,2024-06-03 16:45:00,0,83.27127357846442,0,NA,NA
83,79.44123207998118,2024-06-03 16:50:00,0,83.27127357846442,0,NA,NA
81,84.29081302568825,2024-06-03 16:55:00,0,83.27127357846442,0,NA,NA
80,81.44663352330895,2024-06-03 17:00:00,0,83.27127357846442,0,NA,NA
77,80.17661534686924,2024-06-03 17:05:00,0,83.27127357846442,0,NA,NA
80,76.70109234196906,2024-06-03 17:10:00,0,83.27127357846442,0,NA,NA
72,79.45826543766114,2024-06-03 17:15:00,0,83.27127357846442,0,NA,NA
73,70.76346292767711,2024-06-03 17:20:00,0,83.27127357846442,0,NA,NA
71,71.81281045935893,2024-06-03 17:25:00,0,83.27127357846442,0,NA,NA
73,69.85262433392988,2024-06-03 17:30:00,0,83.27127357846442,0,NA,NA
73,71.59789480098777,2024-06-03 17:35:00,0,83.27127357846442,0,NA,NA
71,72.25531897785582,2024-06-03 17:40:00,0,83.27127357846442,0,NA,NA
69,69.7676245665427,2024-06-03 17:45:00,0,83.27127357846442,0,NA,NA
67,67.63840560433123,2024-06-03 17:50:00,0,83.27127357846442,0,NA,NA
72,65.53198382531264,2024-06-03 17:55:00,0,83.27127357846442,0,NA,NA
73,70.4410771633474,2024-06-03 18:00:00,0,83.27127357846442,0,NA,NA
69,71.79916777478132,2024-06-03 18:05:00,0,83.27127357846442,0,NA,NA
68,67.28402507683484,2024-06-03 18:10:00,0,83.27127357846442,0,NA,NA
64,66.41882692506682,2024-06-03 18:15:00,0,83.27127357846442,0,NA,NA
66,61.79955532103514,2024-06-03 18:20:00,0,83.27127357846442,0,NA,NA
62,64.32301387910783,2024-06-03 18:25:00,0,83.27127357846442,0,NA,NA
60,59.5334887802795,2024-06-03 18:30:00,0,83.27127357846442,0,NA,NA
59,57.706240265547066,2024-06-03 18:35:00,0,83.27127357846442,0,NA,NA
54,57.050503848898195,2024-06-03 18:40:00,0,83.27127357846442,0,NA,NA
57,52.03592712277067,2024-06-03 18:45:00,0,83.27127357846442,0,NA,NA
62,55.96937810306512,2024-06-03 18:50:00,0,83.27127357846442,0,NA,NA
65,61.08593571587379,2024-06-03 18:55:00,0,83.27127357846442,0,NA,NA
64,64.35193235050245,2024-06-03 19:00:00,0,83.27127357846442,0,NA,NA
63,63.3043448917881,2024-06-03 19:05:00,0,83.27127357846442,0,NA,NA
60,62.612292238108246,2024-06-03 19:10:00,0,83.27127357846442,0,NA,NA
62,59.21088995361204,2024-06-03 19:15:00,0,83.27127357846442,0,NA,NA
60,61.47691517018101,2024-06-03 19:20:00,0,83.27127357846442,0,NA,NA
58,59.197323973236074,2024-06-03 19:25:00,0,83.27127357846442,0,NA,NA
56,57.29102701744763,2024-06-03 19:30:00,0,83.27127357846442,0,NA,NA
57,55.32004256774695,2024-06-03 19:35:00,0,83.27127357846442,0,NA,NA
57,56.37707850563563,2024-06-03 19:40:00,0,83.27127357846442,0,NA,NA
62,56.18516590932913,2024-06-03 19:45:00,0,83.27127357846442,0,NA,NA
62,61.39712391343723,2024-06-03 19:50:00,0,83.27127357846442,0,NA,NA
63,61.30201782705287,2024-06-03 19:55:00,0,83.27127357846442,0,NA,NA
64,62.77163090862125,2024-06-03 20:00:00,0,83.27127357846442,0,NA,NA
67,63.8075676107278,2024-06-03 20:05:00,0,83.27127357846442,0,NA,NA
72,66.97646779893624,2024-06-03 20:10:00,0,83.27127357846442,0,NA,NA
72,71.99270951289219,2024-06-03 20:15:00,0,83.27127357846442,0,NA,NA
80,71.71737239327013,2024-06-03 20:20:00,0,83.27127357846442,0,NA,NA
82,80.33975860898933,2024-06-03 20:25:00,0,83.27127357846442,0,NA,NA
77,82.5502303104039,2024-06-03 20:30:00,0,83.27127357846442,0,NA,NA
80,76.52418874895064,2024-06-03 20:35:00,0,83.27127357846442,0,NA,NA
78,79.49054589146733,2024-06-03 20:40:00,0,83.27127357846442,0,NA,NA
78,77.29391679906345,2024-06-03 20:45:00,0,83.27127357846442,0,NA,NA
84,77.113948444980707,2024-06-03 20:50:00,0,83.27127357846442,0,NA,NA
79,83.95090537770962,2024-06-03 20:55:00,0,83.27127357846442,0,NA,NA
76,76.29220268301576,2024-06-03 21:00:00,0,83.27127357846442,0,NA,NA
71,73.25978254798984,2024-06-03 21:05:00,0,83.27127357846442,0,NA,NA
63,67.66231209374787,2024-06-03 21:10:00,0,83.27127357846442,0,NA,NA
60,59.074984784347485,2024-06-03 21:15:00,0,83.27127357846442,0,NA,NA
59,56.602169332110705,2024-06-03 21:20:00,0,83.27127357846442,0,NA,NA
57,56.09445808025795,2024-06-03 21:25:00,0,83.27127357846442,0,NA,NA
54,54.23847911195553,2024-06-03 21:30:00,0,83.27127357846442,0,NA,NA
47,50.58277737258952,2024-06-03 21:35:00,0,83.27127357846442,0,NA,NA
44,43.75617090697725,2024-06-03 21:40:00,0,83.27127357846442,0,NA,NA
40,41.05383128860297,2024-06-03 21:45:00,0,83.27127357846442,0,NA,NA
30,36.987383695704224,2024-06-03 21:50:00,0,83.27127357846442,0,NA,NA
23,26.783874078573074,2024-06-03 21:55:00,0,83.27127357846442,0,NA,NA
12,20.262277007770365,2024-06-03 22:00:00,0,83.27127357846442,0,NA,NA
0,9.291918248950921,2024-06-03 22:05:00,0,83.27127357846442,0,NA,NA
0,-3.0360680548874823,2024-06-03 22:10:00,0,83.27127357846442,0,NA,NA
0,-1.7102713918691506,2024-06-03 22:15:00,0,83.27127357846442,0,NA,NA
0,-1.2557362759536852,2024-06-03 22:20:00,0,83.27127357846442,0,NA,NA
0,-0.7679910508630642,2024-06-03 22:25:00,0,83.27127357846442,0,NA,NA
0,-0.3137647490656934,2024-06-03 22:30:00,0,83.27127357846442,0,NA,NA
0,-0.09234064051740272,2024-06-03 22:35:00,0,83.27127357846442,0,NA,NA
0,0.10256057342897289,2024-06-03 22:40:00,0,83.27127357846442,0,NA,NA
0,0.31065250812405976,2024-06-03 22:45:00,0,83.27127357846442,0,NA,NA
0,0.30518508913540854,2024-06-03 22:50:00,0,83.27127357846442,0,NA,NA
0,0.5520852406504363,2024-06-03 22:55:00,0,83.27127357846442,0,NA,NA
0,0.9392389083270635,2024-06-03 23:00:00,0,83.27127357846442,0,NA,NA
0,0.48784471907555094,2024-06-03 23:05:00,0,83.27127357846442,0,NA,NA
0,0.7447942793803771,2024-06-03 23:10:00,0,83.27127357846442,0,NA,NA
0,0.8463103912666959,2024-06-03 23:15:00,0,83.27127357846442,0,NA,NA
0,0.5359798045021699,2024-06-03 23:20:00,0,83.27127357846442,0,NA,NA
0,0.7135583146404748,2024-06-03 23:25:00,0,83.27127357846442,0,NA,NA
0,0.5106919712587298,2024-06-03 23:30:00,0,83.27127357846442,0,NA,NA
0,-0.11262298862407244,2024-06-03 23:35:00,0,83.27127357846442,0,NA,NA
0,0.20312481784684355,2024-06-03 23:40:00,0,83.27127357846442,0,NA,NA
0,-0.12313023049873947,2024-06-03 23:45:00,0,83.27127357846442,0,NA,NA
0,-0.0016907723008109318,2024-06-03 23:50:00,0,83.27127357846442,0,NA,NA
0,-0.04687305414524677,2024-06-03 23:55:00,0,83.27127357846442,0,NA,NA
0,-0.4107247551365547,2024-06-04 00:00:00,0,83.27127357846442,0,NA,NA
0,-0.30916766981736443,2024-06-04 00:05:00,0,83.27127357846442,0,NA,NA
0,-0.3520661696302627,2024-06-04 00:10:00,0,83.27127357846442,0,NA,NA
0,0.19189375110563214,2024-06-04 00:15:00,0,83.27127357846442,0,NA,NA
0,0.35433263291012584,2024-06-04 00:20:00,0,83.27127357846442,0,NA,NA
0,0.2766459953455843,2024-06-04 00:25:00,0,83.27127357846442,0,NA,NA
0,0.20481917330925561,2024-06-04 00:30:00,0,83.27127357846442,0,NA,NA
0,0.26779930276413755,2024-06-04 00:35:00,0,83.27127357846442,0,NA,NA
0,0.11730688084059626,2024-06-04 00:40:00,0,83.27127357846442,0,NA,NA
0,0.5594287804107702,2024-06-04 00:45:00,0,83.27127357846442,0,NA,NA
0,-0.12519833661098767,2024-06-04 00:50:00,0,83.27127357846442,0,NA,NA
0,-0.2457634373502069,2024-06-04 00:55:00,0,83.27127357846442,0,NA,NA
0,-0.28797791666113554,2024-06-04 01:00:00,0,83.27127357846442,0,NA,NA
0,0.022434556185606244,2024-06-04 01:05:00,0,83.27127357846442,0,NA,NA
0,0.23836023176023946,2024-06-04 01:10:00,0,83.27127357846442,0,NA,NA
0,0.061644166684388324,2024-06-04 01:15:00,0,83.27127357846442,0,NA,NA
0,0.142648845299495,2024-06-04 01:20:00,0,83.27127357846442,0,NA,NA
0,0.27588165223747085,2024-06-04 01:25:00,0,83.27127357846442,0,NA,NA
0,0.6029287269087903,2024-06-04 01:30:00,0,83.27127357846442,0,NA,NA
0,0.37005940850172814,2024-06-04 01:35:00,0,83.27127357846442,0,NA,NA
0,0.2875788437661515,2024-06-04 01:40:00,0,83.27127357846442,0,NA,NA
0,-0.03804127668953795,2024-06-04 01:45:00,0,83.27127357846442,0,NA,NA
0,0.12761576913942085,2024-06-04 01:50:00,0,83.27127357846442,0,NA,NA
0,-0.0369771970303617,2024-06-04 01:55:00,0,83.27127357846442,0,NA,NA
0,0.29357057619263316,2024-06-04 02:00:00,0,83.27127357846442,0,NA,NA
0,0.24367265559623646,2024-06-04 02:05:00,0,83.27127357846442,0,NA,NA
0,0.4280525074501134,2024-06-04 02:10:00,0,83.27127357846442,0,NA,NA
0,0.23130259020117824,2024-06-04 02:15:00,0,83.27127357846442,0,NA,NA
0,0.3046441087330074,2024-06-04 02:20:00,0,83.27127357846442,0,NA,NA
0,0.27095096435778787,2024-06-04 02:25:00,0,83.27127357846442,0,NA,NA
0,-0.15392860274321749,2024-06-04 02:30:00,0,83.27127357846442,0,NA,NA
0,0.4704243978328853,2024-06-04 02:35:00,0,83.27127357846442,0,NA,NA
0,-0.05415152527086268,2024-06-04 02:40:00,0,83.27127357846442,0,NA,NA
0,-0.03644179551689678,2024-06-04 02:45:00,0,83.27127357846442,0,NA,NA
0,0.2577980556927551,2024-06-04 02:50:00,0,83.27127357846442,0,NA,NA
0,-0.17867009327992295,2024-06-04 02:55:00,0,83.27127357846442,0,NA,NA
0,-0.13369961783148995,2024-06-04 03:00:00,0,83.27127357846442,0,NA,NA
0,-0.0689021999542278,2024-06-04 03:05:00,0,83.27127357846442,0,NA,NA
0,0.2488850623723462,2024-06-04 03:10:00,0,83.27127357846442,0,NA,NA
0,0.8194284887165233,2024-06-04 03:15:00,0,83.27127357846442,0,NA,NA
0,0.26503830537149103,2024-06-04 03:20:00,0,83.27127357846442,0,NA,NA
0,0.2682066886374412,2024-06-04 03:25:00,0,83.27127357846442,0,NA,NA
0,0.3334937959119238,2024-06-04 03:30:00,0,83.27127357846442,0,NA,NA
0,0.42279737842082005,2024-06-04 03:35:00,0,83.27127357846442,0,NA,NA
0,0.20337384986982218,2024-06-04 03:40:00,0,83.27127357846442,0,NA,NA
0,0.46966903695100337,2024-06-04 03:45:00,0,83.27127357846442,0,NA,NA
0,0.025416179303224408,2024-06-04 03:50:00,0,83.27127357846442,0,NA,NA
0,-0.02454239020669815,2024-06-04 03:55:00,0,83.27127357846442,0,NA,NA
0,-0.18506853800337367,2024-06-04 04:00:00,0,83.27127357846442,0,NA,NA
0,0.1908062733798709,2024-06-04 04:05:00,0,83.27127357846442,0,NA,NA
0,0.3296811864309095,2024-06-04 04:10:00,0,83.27127357846442,0,NA,NA
0,0.2737840609768054,2024-06-04 04:15:00,0,83.27127357846442,0,NA,NA
0,0.4297366326567704,2024-06-04 04:20:00,0,83.27127357846442,0,NA,NA
0,0.2686335019810744,2024-06-04 04:25:00,0,83.27127357846442,0,NA,NA
0,0.4889087142621402,2024-06-04 04:30:00,0,83.27127357846442,0,NA,NA
0,0.41410249814650835,2024-06-04 04:35:00,0,83.27127357846442,0,NA,NA
0,0.14741148204029864,2024-06-04 04:40:00,0,83.27127357846442,0,NA,NA
0,-7.064927705514243e-4,2024-06-04 04:45:00,0,83.27127357846442,0,NA,NA
0,-0.35842844483423236,2024-06-04 04:50:00,0,83.27127357846442,0,NA,NA
0,-0.12009347496545644,2024-06-04 04:55:00,0,83.27127357846442,0,NA,NA
0,-0.6084374486894475,2024-06-04 05:00:00,0,83.27127357846442,0,NA,NA
0,-0.05551223943231083,2024-06-04 05:10:00,0,83.27127357846442,0,NA,NA
0,0.021534929798061524,2024-06-04 05:15:00,0,83.27127357846442,0,NA,NA
0,0.11477326529662461,2024-06-04 05:20:00,0,83.27127357846442,0,NA,NA
0,0.13025969808087598,2024-06-04 05:25:00,0,83.27127357846442,0,NA,NA
0,0.28349239620844446,2024-06-04 05:30:00,0,83.27127357846442,0,NA,NA
0,0.2894197617725216,2024-06-04 05:35:00,0,83.27127357846442,0,NA,NA
0,0.15630224576759805,2024-06-04 05:40:00,0,83.27127357846442,0,NA,NA
0,0.43619172400984385,2024-06-04 05:45:00,0,83.27127357846442,0,NA,NA
0,0.27132067845698554,2024-06-04 05:50:00,0,83.27127357846442,0,NA,NA
0,0.24929142779949118,2024-06-04 05:55:00,0,83.27127357846442,0,NA,NA
0,0.2573092907761447,2024-06-04 06:00:00,0,83.27127357846442,0,NA,NA
0,0.28159469779804247,2024-06-04 06:05:00,0,83.27127357846442,0,NA,NA
0,0.5714337320250727,2024-06-04 06:10:00,0,83.27127357846442,0,NA,NA
0,0.1684941506310477,2024-06-04 06:20:00,0,83.27127357846442,0,NA,NA
0,0.3700807058392196,2024-06-04 06:25:00,0,83.27127357846442,0,NA,NA
0,0.38153396765560976,2024-06-04 06:30:00,0,83.27127357846442,0,NA,NA
0,0.6987211251352279,2024-06-04 06:35:00,0,83.27127357846442,0,NA,NA
0,0.6329152698621041,2024-06-04 06:40:00,0,83.27127357846442,0,NA,NA
0,0.8445598926186977,2024-06-04 06:45:00,0,83.27127357846442,0,NA,NA
0,0.7743245252439606,2024-06-04 06:50:00,0,83.27127357846442,0,NA,NA
0,0.680463088759728,2024-06-04 06:55:00,0,83.27127357846442,0,NA,NA
0,1.088042588004012,2024-06-04 07:00:00,0,83.27127357846442,0,NA,NA
0,0.9497484610621076,2024-06-04 07:05:00,0,83.27127357846442,0,NA,NA
0,1.3429853140013652,2024-06-04 07:10:00,0,83.27127357846442,0,NA,NA
0,0.8465543331920395,2024-06-04 07:15:00,0,83.27127357846442,0,NA,NA
0,1.1862677627123885,2024-06-04 07:20:00,0,83.27127357846442,0,NA,NA
0,1.1648861428990234,2024-06-04 07:25:00,0,83.27127357846442,0,NA,NA
0,0.6723164037225648,2024-06-04 07:30:00,0,83.27127357846442,0,NA,NA
0,1.0245190247092273,2024-06-04 07:35:00,0,83.27127357846442,0,NA,NA
13,0.6086183640465042,2024-06-04 07:40:00,0,83.27127357846442,0,NA,NA
16,14.94585871924425,2024-06-04 07:45:00,0,83.27127357846442,0,NA,NA
17,17.729318953336364,2024-06-04 07:50:00,0,83.27127357846442,0,NA,NA
15,18.465323648809225,2024-06-04 07:55:00,0,83.27127357846442,0,NA,NA
14,16.27970029624169,2024-06-04 08:00:00,0,83.27127357846442,0,NA,NA
14,15.187023393983372,2024-06-04 08:10:00,0,83.27127357846442,0,NA,NA
15,14.850216303071788,2024-06-04 08:15:00,0,83.27127357846442,0,NA,NA
17,16.094390532250312,2024-06-04 08:20:00,0,83.27127357846442,0,NA,NA
19,18.05054389131483,2024-06-04 08:25:00,0,83.27127357846442,0,NA,NA
20,20.48189200071985,2024-06-04 08:30:00,0,83.27127357846442,0,NA,NA
21,21.2833654600546,2024-06-04 08:35:00,0,83.27127357846442,0,NA,NA
23,21.620237872047603,2024-06-04 08:40:00,0,83.27127357846442,0,NA,NA
25,23.972917754650098,2024-06-04 08:45:00,0,83.27127357846442,0,NA,NA
32,25.615892561114975,2024-06-04 09:00:00,0,83.27127357846442,0,NA,NA
32,33.388253279838374,2024-06-04 09:05:00,0,83.27127357846442,0,NA,NA
34,33.63028575762726,2024-06-04 09:10:00,0,83.27127357846442,0,NA,NA
35,35.24932595872561,2024-06-04 09:15:00,0,83.27127357846442,0,NA,NA
36,36.01118637096368,2024-06-04 09:20:00,0,83.27127357846442,0,NA,NA
37,37.103721482416546,2024-06-04 09:25:00,0,83.27127357846442,0,NA,NA
40,37.854204935570934,2024-06-04 09:30:00,0,83.27127357846442,0,NA,NA
44,41.14899510725372,2024-06-04 09:35:00,0,83.27127357846442,0,NA,NA
46,45.464041151755815,2024-06-04 09:40:00,0,83.27127357846442,0,NA,NA
45,46.828424194879155,2024-06-04 09:45:00,0,83.27127357846442,0,NA,NA
45,45.55914759080351,2024-06-04 09:50:00,0,83.27127357846442,0,NA,NA
45,45.35414483487261,2024-06-04 09:55:00,0,83.27127357846442,0,NA,NA
46,44.975780183686716,2024-06-04 10:00:00,0,83.27127357846442,0,NA,NA
43,46.58449175169653,2024-06-04 10:05:00,0,83.27127357846442,0,NA,NA
44,43.07512844635574,2024-06-04 10:10:00,0,83.27127357846442,0,NA,NA
42,44.420535280056185,2024-06-04 10:15:00,0,83.27127357846442,0,NA,NA
43,42.29893506378826,2024-06-04 10:20:00,0,83.27127357846442,0,NA,NA
44,43.25133148718858,2024-06-04 10:25:00,0,83.27127357846442,0,NA,NA
42,44.858348387297575,2024-06-04 10:30:00,0,83.27127357846442,0,NA,NA
42,42.15740944678063,2024-06-04 10:35:00,0,83.27127357846442,0,NA,NA
42,42.40185847534365,2024-06-04 10:40:00,0,83.27127357846442,0,NA,NA
43,42.72796940613319,2024-06-04 10:45:00,0,83.27127357846442,0,NA,NA
46,43.5067674971358,2024-06-04 10:50:00,0,83.27127357846442,0,NA,NA
47,47.15323651638373,2024-06-04 10:55:00,0,83.27127357846442,0,NA,NA
47,47.300477684242075,2024-06-04 11:00:00,0,83.27127357846442,0,NA,NA
47,47.66382027365055,2024-06-04 11:05:00,0,83.27127357846442,0,NA,NA
45,47.35562061822992,2024-06-04 11:10:00,0,83.27127357846442,0,NA,NA
42,44.80109103130794,2024-06-04 11:15:00,0,83.27127357846442,0,NA,NA
41,41.675785799552344,2024-06-04 11:20:00,0,83.27127357846442,0,NA,NA
42,40.61718240782861,2024-06-04 11:25:00,0,83.27127357846442,0,NA,NA
44,41.951873901911675,2024-06-04 11:30:00,0,83.27127357846442,0,NA,NA
44,44.5965380260645,2024-06-04 11:35:00,0,83.27127357846442,0,NA,NA
40,44.620100180420216,2024-06-04 11:40:00,0,83.27127357846442,0,NA,NA
42,39.75225872998493,2024-06-04 11:45:00,0,83.27127357846442,0,NA,NA
40,42.08038051182968,2024-06-04 11:50:00,0,83.27127357846442,0,NA,NA
39,39.660371282951,2024-06-04 11:55:00,0,83.27127357846442,0,NA,NA
43,38.95524402320949,2024-06-04 12:00:00,0,83.27127357846442,0,NA,NA
44,43.85886502963702,2024-06-04 12:05:00,0,83.27127357846442,0,NA,NA
43,44.748533729928425,2024-06-04 12:10:00,0,83.27127357846442,0,NA,NA
40,43.52998951763017,2024-06-04 12:15:00,0,83.27127357846442,0,NA,NA
45,40.236245325629405,2024-06-04 12:20:00,0,83.27127357846442,0,NA,NA
49,45.36628049444475,2024-06-04 12:25:00,0,83.27127357846442,0,NA,NA
49,50.20968652137689,2024-06-04 12:30:00,0,83.27127357846442,0,NA,NA
45,49.475408489343266,2024-06-04 12:35:00,0,83.27127357846442,0,NA,NA
44,45.328481545940704,2024-06-04 12:40:00,0,83.27127357846442,0,NA,NA
45,44.068319203533825,2024-06-04 12:45:00,0,83.27127357846442,0,NA,NA
46,44.64709684541051,2024-06-04 12:50:00,0,83.27127357846442,0,NA,NA
44,46.60119000449907,2024-06-04 12:55:00,0,83.27127357846442,0,NA,NA
45,43.770167607931604,2024-06-04 13:00:00,0,83.27127357846442,0,NA,NA
46,45.33310982810441,2024-06-04 13:05:00,0,83.27127357846442,0,NA,NA
37,46.54289116533687,2024-06-04 13:15:00,0,83.27127357846442,0,NA,NA
34,36.3771096223634,2024-06-04 13:20:00,0,83.27127357846442,0,NA,NA
33,33.477228086440796,2024-06-04 13:25:00,0,83.27127357846442,0,NA,NA
34,32.222819248894105,2024-06-04 13:30:00,0,83.27127357846442,0,NA,NA
33,33.19886806743352,2024-06-04 13:35:00,0,83.27127357846442,0,NA,NA
30,32.76339220479103,2024-06-04 13:40:00,0,83.27127357846442,0,NA,NA
31,29.467061712492992,2024-06-04 13:45:00,0,83.27127357846442,0,NA,NA
36,30.841270717537146,2024-06-04 13:50:00,0,83.27127357846442,0,NA,NA
43,36.06293913111759,2024-06-04 13:55:00,0,83.27127357846442,0,NA,NA
42,43.56829347333413,2024-06-04 14:00:00,0,83.27127357846442,0,NA,NA
47,42.41910367322794,2024-06-04 14:05:00,0,83.27127357846442,0,NA,NA
52,48.28700768707002,2024-06-04 14:10:00,0,83.27127357846442,0,NA,NA
56,53.36279748661868,2024-06-04 14:15:00,0,83.27127357846442,0,NA,NA
62,57.591667513721376,2024-06-04 14:20:00,0,83.27127357846442,0,NA,NA
63,63.85671614849276,2024-06-04 14:25:00,0,83.27127357846442,0,NA,NA
64,64.73138676599187,2024-06-04 14:30:00,0,83.27127357846442,0,NA,NA
68,65.74988686996458,2024-06-04 14:35:00,0,83.27127357846442,0,NA,NA
69,69.3924689972469,2024-06-04 14:40:00,0,83.27127357846442,0,NA,NA
63,69.80526150014626,2024-06-04 14:45:00,0,83.27127357846442,0,NA,NA
65,62.67727784561513,2024-06-04 14:50:00,0,83.27127357846442,0,NA,NA
65,64.84872015830943,2024-06-04 14:55:00,0,83.27127357846442,0,NA,NA
62,65.22245418376862,2024-06-04 15:00:00,0,83.27127357846442,0,NA,NA
60,61.85370292569451,2024-06-04 15:05:00,0,83.27127357846442,0,NA,NA
60,59.91409387982765,2024-06-04 15:10:00,0,83.27127357846442,0,NA,NA
61,59.66531629905949,2024-06-04 15:20:00,0,83.27127357846442,0,NA,NA
66,60.580028152783314,2024-06-04 15:25:00,0,83.27127357846442,0,NA,NA
70,66.31359991862546,2024-06-04 15:30:00,0,83.27127357846442,0,NA,NA
65,70.83530738026535,2024-06-04 15:35:00,0,83.27127357846442,0,NA,NA
71,65.64341042666938,2024-06-04 15:40:00,0,83.27127357846442,0,NA,NA
72,72.23164936923293,2024-06-04 15:45:00,0,83.27127357846442,0,NA,NA
73,73.04378299341919,2024-06-04 15:50:00,0,83.27127357846442,0,NA,NA
66,74.25075404997146,2024-06-04 15:55:00,0,83.27127357846442,0,NA,NA
72,66.73169200593287,2024-06-04 16:00:00,0,83.27127357846442,0,NA,NA
78,73.94427841484456,2024-06-04 16:10:00,0,83.27127357846442,0,NA,NA
80,80.12082594147417,2024-06-04 16:15:00,0,83.27127357846442,0,NA,NA
82,81.217276780509,2024-06-04 16:20:00,0,83.27127357846442,0,NA,NA
83,83.23170320003993,2024-06-04 16:25:00,0,83.27127357846442,0,NA,NA
85,83.70720874168006,2024-06-04 16:30:00,0,83.27127357846442,0,NA,NA
87,85.83639697808678,2024-06-04 16:35:00,0,83.27127357846442,0,NA,NA
87,87.9827169142098,2024-06-04 16:40:00,0,83.27127357846442,0,NA,NA
83,87.22710572652062,2024-06-04 16:45:00,0,83.27127357846442,0,NA,NA
83.27127357846442,83.27127357846442,2024-06-04 16:50:00,1,83.27127357846442,1,88.3977162224009,78.14483093452793
83.20684696331371,83.20684696331371,2024-06-04 16:55:00,1,83.27127357846442,0,88.3332896072502,78.08040431937722
83.1391996956021,83.1391996956021,2024-06-04 17:00:00,1,83.27127357846442,0,88.26564233953859,78.01275705166562
82.81457564274963,82.81457564274963,2024-06-04 17:05:00,1,83.27127357846442,0,87.94101828668612,77.68813299881315
82.99130547728467,82.99130547728467,2024-06-04 17:10:00,1,83.27127357846442,0,88.11774812122115,77.86486283334818
82.95685333013311,82.95685333013311,2024-06-04 17:15:00,1,83.27127357846442,0,88.0832959740696,77.83041068619663
82.89670506090454,82.89670506090454,2024-06-04 17:20:00,1,83.27127357846442,0,88.02314770484102,77.77026241696805
82.6964022730061,82.6964022730061,2024-06-04 17:25:00,1,83.27127357846442,0,87.82284491694259,77.56995962906961
82.18791470783022,82.18791470783022,2024-06-04 17:30:00,1,83.27127357846442,0,87.3143573517667,77.06147206389373
81.71849566030103,81.71849566030103,2024-06-04 17:35:00,1,83.27127357846442,0,86.84493830423752,76.59205301636455
81.3650138657654,81.3650138657654,2024-06-04 17:40:00,1,83.27127357846442,0,86.49145650970189,76.23857122182892
80.99374605968777,80.99374605968777,2024-06-04 17:45:00,1,83.27127357846442,0,86.12018870362425,75.86730341575128
80.15490566520891,80.15490566520891,2024-06-04 17:50:00,1,83.27127357846442,0,85.2813483091454,75.02846302127243
79.81336687834182,79.81336687834182,2024-06-04 17:55:00,1,83.27127357846442,0,84.93980952227831,74.68692423440534
78.66685480419945,78.66685480419945,2024-06-04 18:00:00,1,83.27127357846442,0,83.79329744813593,73.54041216026296
77.62778275360411,77.62778275360411,2024-06-04 18:05:00,1,83.27127357846442,0,82.7542253975406,72.50134010966762
76.66018230319996,76.66018230319996,2024-06-04 18:10:00,1,83.27127357846442,0,81.78662494713645,71.53373965926347
75.84185029582726,75.84185029582726,2024-06-04 18:15:00,1,83.27127357846442,0,80.96829293976374,70.71540765189077
74.92264092117487,74.92264092117487,2024-06-04 18:20:00,1,83.27127357846442,0,80.04908356511136,69.79619827723839
74.2707828465484,74.2707828465484,2024-06-04 18:25:00,1,83.27127357846442,0,79.39722549048489,69.14434020261191
73.21272033005484,73.21272033005484,2024-06-04 18:30:00,1,83.27127357846442,0,78.33916297399132,68.08627768611835
71.65062738309344,71.65062738309344,2024-06-04 18:35:00,1,83.27127357846442,0,76.77707002702992,66.52418473915695
70.52286622810166,70.52286622810166,2024-06-04 18:40:00,1,83.27127357846442,0,75.64930887203815,65.39642358416518
69.4197630224582,69.4197630224582,2024-06-04 18:45:00,1,83.27127357846442,0,74.54620566639468,64.29332037852171
67.80338472432238,67.80338472432238,2024-06-04 18:50:00,1,83.27127357846442,0,72.92982736825887,62.6769420803859
66.40356762048152,66.40356762048152,2024-06-04 18:55:00,1,83.27127357846442,0,71.53001026441801,61.27712497654504
65.31431603423697,65.31431603423697,2024-06-04 19:00:00,1,83.27127357846442,0,70.44075867817345,60.18787339030048
64.90115127319586,64.90115127319586,2024-06-04 19:05:00,1,83.27127357846442,0,70.02759391713235,59.77470862925938
65.04037140584444,65.04037140584444,2024-06-04 19:10:00,1,83.27127357846442,0,70.16681404978092,59.913928761907954
64.98416212931677,64.98416212931677,2024-06-04 19:15:00,1,83.27127357846442,0,70.11060477325326,59.85771948538029
65.42972790437351,65.42972790437351,2024-06-04 19:20:00,1,83.27127357846442,0,70.55617054830999,60.30328526043702
65.88456106691117,65.88456106691117,2024-06-04 19:25:00,1,83.27127357846442,0,71.01100371084766,60.75811842297469
66.22619898090272,66.22619898090272,2024-06-04 19:30:00,1,83.27127357846442,0,71.35264162483921,61.09975633696624
66.14609605278801,66.14609605278801,2024-06-04 19:35:00,1,83.27127357846442,0,71.2725386967245,61.019653408851525
66.12906595963348,66.12906595963348,2024-06-04 19:40:00,1,83.27127357846442,0,71.25550860356996,61.002623315696994
65.98947976058999,65.98947976058999,2024-06-04 19:45:00,1,83.27127357846442,0,71.11592240452647,60.8630371166535
65.92380769991111,65.92380769991111,2024-06-04 19:50:00,1,83.27127357846442,0,71.0502503438476,60.79736505597462
65.15105691373562,65.15105691373562,2024-06-04 19:55:00,1,83.27127357846442,0,70.2774995576721,60.02461426979913
64.4986901298495,64.4986901298495,2024-06-04 20:00:00,1,83.27127357846442,0,69.62513277378599,59.37224748591302
64.45052598690711,64.45052598690711,2024-06-04 20:05:00,1,83.27127357846442,0,69.5769686308436,59.324083342970624
64.71443993214751,64.71443993214751,2024-06-04 20:10:00,1,83.27127357846442,0,69.840882576084,59.58799728821103
65.05638011777589,65.05638011777589,2024-06-04 20:15:00,1,83.27127357846442,0,70.18282276171237,59.9299374738394
64.95557703982487,64.95557703982487,2024-06-04 20:20:00,1,83.27127357846442,0,70.08201968376136,59.82913439588839
64.90602820882852,64.90602820882852,2024-06-04 20:25:00,1,83.27127357846442,0,70.032470852765,59.77958556489203
65.1341100932677,65.1341100932677,2024-06-04 20:30:00,1,83.27127357846442,0,70.26055273720418,60.00766744933121
65.2516332399817,65.2516332399817,2024-06-04 20:35:00,1,83.27127357846442,0,70.37807588391819,60.125190596045215
65.75738788320734,65.75738788320734,2024-06-04 20:40:00,1,83.27127357846442,0,70.88383052714383,60.63094523927086
66.65286858092414,66.65286858092414,2024-06-04 20:45:00,1,83.27127357846442,0,71.77931122486062,61.52642593698765
67.34461410535363,67.34461410535363,2024-06-04 20:50:00,1,83.27127357846442,0,72.47105674929011,62.21817146141714
67.91989989897631,67.91989989897631,2024-06-04 20:55:00,1,83.27127357846442,0,73.0463425429128,62.793457255039826
66.44109061068323,66.44109061068323,2024-06-04 21:00:00,1,83.27127357846442,0,71.56753325461972,61.31464796674675
64.81818197907363,64.81818197907363,2024-06-04 21:05:00,1,83.27127357846442,0,69.94462462301011,59.69173933513714
63.76267718892117,63.76267718892117,2024-06-04 21:10:00,1,83.27127357846442,0,68.88911983285766,58.63623454498468
62.36262481187019,62.36262481187019,2024-06-04 21:15:00,1,83.27127357846442,0,67.48906745580668,57.236182167933706
60.46691104499338,60.46691104499338,2024-06-04 21:20:00,1,83.27127357846442,0,65.59335368892987,55.340468401056896
58.23952001667118,58.23952001667118,2024-06-04 21:25:00,1,83.27127357846442,0,63.365962660607664,53.11307737273469
55.826916321135286,55.826916321135286,2024-06-04 21:30:00,1,83.27127357846442,0,60.95335896507177,50.7004736771988
53.37804160221998,53.37804160221998,2024-06-04 21:35:00,1,83.27127357846442,0,58.504484246156466,48.251598958283495
50.84532934834999,50.84532934834999,2024-06-04 21:40:00,1,83.27127357846442,0,55.97177199228648,45.71888670441351
48.228868328566115,48.228868328566115,2024-06-04 21:45:00,1,83.27127357846442,0,53.3553109725026,43.10242568462963
45.30988179241506,45.30988179241506,2024-06-04 21:50:00,1,83.27127357846442,0,50.43632443635155,40.18343914847858
42.450582260001305,42.450582260001305,2024-06-04 21:55:00,1,83.27127357846442,0,47.57702490393779,37.32413961606482
40.003368609185706,40.003368609185706,2024-06-04 22:00:00,1,83.27127357846442,0,45.12981125312219,34.87692596524922
37.65797613184096,37.65797613184096,2024-06-04 22:05:00,1,83.27127357846442,0,42.784418775777446,32.531533487904476
35.475209315765234,35.475209315765234,2024-06-04 22:10:00,1,83.27127357846442,0,40.60165195970172,30.34876667182875
33.18778919694823,33.18778919694823,2024-06-04 22:15:00,1,83.27127357846442,0,38.314231840884716,28.061346553011745
30.9286178611936,30.9286178611936,2024-06-04 22:20:00,1,83.27127357846442,0,36.055060505130086,25.802175217257115
28.493262820659368,28.493262820659368,2024-06-04 22:25:00,1,83.27127357846442,0,33.61970546459585,23.366820176722882
26.52870620740937,26.52870620740937,2024-06-04 22:30:00,1,83.27127357846442,0,31.655148851345857,21.402263563472886
24.71529938159484,24.71529938159484,2024-06-04 22:35:00,1,83.27127357846442,0,29.841742025531325,19.588856737658354
23.14803769173222,23.14803769173222,2024-06-04 22:40:00,1,83.27127357846442,0,28.274480335668706,18.021595047795735
22.350607369214792,22.350607369214792,2024-06-04 22:45:00,1,83.27127357846442,0,27.477050013151278,17.224164725278307
21.366645691515295,21.366645691515295,2024-06-04 22:50:00,1,83.27127357846442,0,26.49308833545178,16.24020304757881
20.5102043477227,20.5102043477227,2024-06-04 22:55:00,1,83.27127357846442,0,25.636646991659184,15.383761703786211
19.795175577155184,19.795175577155184,2024-06-04 23:00:00,1,83.27127357846442,0,24.92161822109167,14.668732933218697
19.06119579234452,19.06119579234452,2024-06-04 23:05:00,1,83.27127357846442,0,24.187638436281006,13.934753148408033
18.681696366370417,18.681696366370417,2024-06-04 23:10:00,1,83.27127357846442,0,23.808139010306903,13.55525372243393
18.318751778144126,18.318751778144126,2024-06-04 23:15:00,1,83.27127357846442,0,23.44519442208061,13.192309134207639
18.130750555627223,18.130750555627223,2024-06-04 23:20:00,1,83.27127357846442,0,23.25719319956371,13.004307911690736
17.86105965084485,17.86105965084485,2024-06-04 23:25:00,1,83.27127357846442,0,22.987502294781336,12.734617006908364
17.89719358090914,17.89719358090914,2024-06-04 23:30:00,1,83.27127357846442,0,23.023636224845625,12.770750936972652
17.781483266554538,17.781483266554538,2024-06-04 23:35:00,1,83.27127357846442,0,22.907925910491024,12.655040622618051
17.700790527330042,17.700790527330042,2024-06-04 23:40:00,1,83.27127357846442,0,22.827233171266528,12.574347883393555
17.561605695651842,17.561605695651842,2024-06-04 23:45:00,1,83.27127357846442,0,22.688048339588327,12.435163051715355
17.44485041775183,17.44485041775183,2024-06-04 23:50:00,1,83.27127357846442,0,22.571293061688316,12.318407773815343
17.095384404343363,17.095384404343363,2024-06-04 23:55:00,1,83.27127357846442,0,22.22182704827985,11.968941760406876
16.526274075617724,16.526274075617724,2024-06-05 00:00:00,1,83.27127357846442,0,21.652716719554213,11.399831431681237
16.18632300016927,16.18632300016927,2024-06-05 00:05:00,1,83.27127357846442,0,21.31276564410576,11.059880356232783
15.998281106393057,15.998281106393057,2024-06-05 00:10:00,1,83.27127357846442,0,21.124723750329544,10.87183846245657
15.97899292529823,15.97899292529823,2024-06-05 00:15:00,1,83.27127357846442,0,21.105435569234718,10.852550281361744
15.621130120647381,15.621130120647381,2024-06-05 00:20:00,1,83.27127357846442,0,20.747572764583868,10.494687476710894
15.191191740210385,15.191191740210385,2024-06-05 00:25:00,1,83.27127357846442,0,20.31763438414687,10.064749096273898
14.933876110241997,14.933876110241997,2024-06-05 00:30:00,1,83.27127357846442,0,20.060318754178482,9.80743346630551
14.79260036092333,14.79260036092333,2024-06-05 00:35:00,1,83.27127357846442,0,19.919043004859816,9.666157716986843
14.61184311934245,14.61184311934245,2024-06-05 00:40:00,1,83.27127357846442,0,19.738285763278938,9.485400475405962
14.402315012694427,14.402315012694427,2024-06-05 00:45:00,1,83.27127357846442,0,19.528757656630916,9.27587236875794
13.960391474955895,13.960391474955895,2024-06-05 00:50:00,1,83.27127357846442,0,19.086834118892384,8.833948831019407
13.59253450763708,13.59253450763708,2024-06-05 00:55:00,1,83.27127357846442,0,18.71897715157357,8.466091863700592
12.89040532313626,12.89040532313626,2024-06-05 01:00:00,1,83.27127357846442,0,18.01684796707275,7.763962679199773
12.41824213968108,12.41824213968108,2024-06-05 01:05:00,1,83.27127357846442,0,17.54468478361757,7.291799495744593
11.921392966458097,11.921392966458097,2024-06-05 01:10:00,1,83.27127357846442,0,17.047835610394586,6.7949503225216095
11.652447120989773,11.652447120989773,2024-06-05 01:15:00,1,83.27127357846442,0,16.778889764926262,6.526004477053286
11.615183524953235,11.615183524953235,2024-06-05 01:20:00,1,83.27127357846442,0,16.741626168889724,6.4887408810167475
11.281547258416335,11.281547258416335,2024-06-05 01:25:00,1,83.27127357846442,0,16.407989902352824,6.155104614479848
11.114306656099163,11.114306656099163,2024-06-05 01:30:00,1,83.27127357846442,0,16.240749300035652,5.987864012162676
10.749787947120605,10.749787947120605,2024-06-05 01:35:00,1,83.27127357846442,0,15.876230591057093,5.623345303184118
10.469224615720318,10.469224615720318,2024-06-05 01:40:00,1,83.27127357846442,0,15.595667259656805,5.342781971783831
10.062849838046358,10.062849838046358,2024-06-05 01:45:00,1,83.27127357846442,0,15.189292481982845,4.93640719410987
9.648651591995122,9.648651591995122,2024-06-05 01:50:00,1,83.27127357846442,0,14.77509423593161,4.522208948058635
9.366985250527907,9.366985250527907,2024-06-05 01:55:00,1,83.27127357846442,0,14.493427894464395,4.24054260659142
9.156965174238163,9.156965174238163,2024-06-05 02:00:00,1,83.27127357846442,0,14.28340781817465,4.030522530301676
9.033888824757444,9.033888824757444,2024-06-05 02:05:00,1,83.27127357846442,0,14.160331468693931,3.9074461808209566
9.0888489868417,9.0888489868417,2024-06-05 02:10:00,1,83.27127357846442,0,14.215291630778188,3.962406342905213
9.00228915096741,9.00228915096741,2024-06-05 02:15:00,1,83.27127357846442,0,14.128731794903898,3.875846507030923
9.067854139704902,9.067854139704902,2024-06-05 02:20:00,1,83.27127357846442,0,14.19429678364139,3.941411495768415
9.138005489739104,9.138005489739104,2024-06-05 02:25:00,1,83.27127357846442,0,14.264448133675591,4.011562845802617
9.022768144231254,9.022768144231254,2024-06-05 02:30:00,1,83.27127357846442,0,14.149210788167741,3.8963255002947665
9.029718495820799,9.029718495820799,2024-06-05 02:35:00,1,83.27127357846442,0,14.156161139757286,3.9032758518843114
8.665618368054044,8.665618368054044,2024-06-05 02:40:00,1,83.27127357846442,0,13.792061011990532,3.539175724117557
8.49630002172071,8.49630002172071,2024-06-05 02:45:00,1,83.27127357846442,0,13.622742665657197,3.369857377784223
7.888367238536032,7.888367238536032,2024-06-05 02:50:00,1,83.27127357846442,0,13.01480988247252,2.761924594599545
7.426114866597301,7.426114866597301,2024-06-05 02:55:00,1,83.27127357846442,0,12.552557510533788,2.2996722226608135
6.771403272751732,6.771403272751732,2024-06-05 03:00:00,1,83.27127357846442,0,11.897845916688219,1.6449606288152445
6.205935423493221,6.205935423493221,2024-06-05 03:05:00,1,83.27127357846442,0,11.332378067429708,1.079492779556734
5.9442570710198535,5.9442570710198535,2024-06-05 03:10:00,1,83.27127357846442,0,11.07069971495634,0.8178144270833663
5.621068980130643,5.621068980130643,2024-06-05 03:15:00,1,83.27127357846442,0,10.74751162406713,0.4946263361941554
5.382543340432369,5.382543340432369,2024-06-05 03:20:00,1,83.27127357846442,0,10.508985984368856,0.2561006964958814
5.220728760419346,5.220728760419346,2024-06-05 03:25:00,1,83.27127357846442,0,10.347171404355834,0.09428611648285923
5.034103875767732,5.034103875767732,2024-06-05 03:30:00,1,83.27127357846442,0,10.16054651970422,-0.09233876816875508
4.715048231008799,4.715048231008799,2024-06-05 03:35:00,1,83.27127357846442,0,9.841490874945286,-0.4113944129276881
4.543578009671284,4.543578009671284,2024-06-05 03:40:00,1,83.27127357846442,0,9.670020653607772,-0.5828646342652029
4.163608279674156,4.163608279674156,2024-06-05 03:45:00,1,83.27127357846442,0,9.290050923610643,-0.9628343642623314
4.024706579843601,4.024706579843601,2024-06-05 03:50:00,1,83.27127357846442,0,9.151149223780088,-1.1017360640928864
3.939963939289148,3.939963939289148,2024-06-05 03:55:00,1,83.27127357846442,0,9.066406583225636,-1.1864787046473393
3.780519219866609,3.780519219866609,2024-06-05 04:00:00,1,83.27127357846442,0,8.906961863803096,-1.3459234240698783
3.6463376657268234,3.6463376657268234,2024-06-05 04:05:00,1,83.27127357846442,0,8.772780309663311,-1.4801049782096638
3.9229463212344817,3.9229463212344817,2024-06-05 04:10:00,1,83.27127357846442,0,9.04938896517097,-1.2034963227020055
4.210350672973446,4.210350672973446,2024-06-05 04:15:00,1,83.27127357846442,0,9.336793316909933,-0.9160919709630413
4.5129299001598024,4.5129299001598024,2024-06-05 04:20:00,1,83.27127357846442,0,9.63937254409629,-0.6135127437766847
4.7119226512827606,4.7119226512827606,2024-06-05 04:25:00,1,83.27127357846442,0,9.838365295219248,-0.41451999265372663
4.640273151802992,4.640273151802992,2024-06-05 04:30:00,1,83.27127357846442,0,9.76671579573948,-0.48616949213349514
4.871336788946953,4.871336788946953,2024-06-05 04:35:00,1,83.27127357846442,0,9.99777943288344,-0.25510585498953375
4.987325949149946,4.987325949149946,2024-06-05 04:40:00,1,83.27127357846442,0,10.113768593086434,-0.13911669478654076
5.123773217395593,5.123773217395593,2024-06-05 04:45:00,1,83.27127357846442,0,10.25021586133208,-0.002669426540894193
5.013117820966626,5.013117820966626,2024-06-05 04:50:00,1,83.27127357846442,0,10.139560464903113,-0.11332482296986157
4.634567301346314,4.634567301346314,2024-06-05 04:55:00,1,83.27127357846442,0,9.761009945282801,-0.4918753425901734
4.010489932051235,4.010489932051235,2024-06-05 05:00:00,1,83.27127357846442,0,9.136932575987721,-1.1159527118852521
3.436475330191389,3.436475330191389,2024-06-05 05:05:00,1,83.27127357846442,0,8.562917974127876,-1.6899673137450981
3.275050390645188,3.275050390645188,2024-06-05 05:10:00,1,83.27127357846442,0,8.401493034581675,-1.8513922532912992
3.0632965369413765,3.0632965369413765,2024-06-05 05:15:00,1,83.27127357846442,0,8.189739180877863,-2.0631461069951107
2.9719239790560477,2.9719239790560477,2024-06-05 05:20:00,1,83.27127357846442,0,8.098366622992534,-2.1545186648804395
2.9856806317063698,2.9856806317063698,2024-06-05 05:25:00,1,83.27127357846442,0,8.112123275642857,-2.1407620122301174
2.821650670481223,2.821650670481223,2024-06-05 05:30:00,1,83.27127357846442,0,7.94809331441771,-2.304791973455264
2.958859154130512,2.958859154130512,2024-06-05 05:35:00,1,83.27127357846442,0,8.085301798066999,-2.1675834898059754
3.0763273259851798,3.0763273259851798,2024-06-05 05:40:00,1,83.27127357846442,0,8.202769969921667,-2.0501153179513074
3.2272476360043467,3.2272476360043467,2024-06-05 05:45:00,1,83.27127357846442,0,8.353690279940833,-1.8991950079321405
3.2906545907032165,3.2906545907032165,2024-06-05 05:50:00,1,83.27127357846442,0,8.417097234639703,-1.8357880532332707
3.4442939336051848,3.4442939336051848,2024-06-05 05:55:00,1,83.27127357846442,0,8.570736577541672,-1.6821487103313024
3.6311677000299603,3.6311677000299603,2024-06-05 06:00:00,1,83.27127357846442,0,8.757610343966448,-1.495274943906527
3.8305978720572793,3.8305978720572793,2024-06-05 06:05:00,1,83.27127357846442,0,8.957040515993766,-1.2958447718792079
4.2655885822539314,4.2655885822539314,2024-06-05 06:10:00,1,83.27127357846442,0,9.392031226190419,-0.8608540616825557
4.831807343138214,4.831807343138214,2024-06-05 06:15:00,1,83.27127357846442,0,9.958249987074701,-0.29463530079827294
5.620052304798426,5.620052304798426,2024-06-05 06:20:00,1,83.27127357846442,0,10.746494948734913,0.4936096608619387
6.317939490134817,6.317939490134817,2024-06-05 06:25:00,1,83.27127357846442,0,11.444382134071304,1.19149684619833
6.890216486848173,6.890216486848173,2024-06-05 06:30:00,1,83.27127357846442,0,12.01665913078466,1.7637738429116858
7.128807294193058,7.128807294193058,2024-06-05 06:35:00,1,83.27127357846442,0,12.255249938129545,2.0023646502565704
7.495089254395237,7.495089254395237,2024-06-05 06:40:00,1,83.27127357846442,0,12.621531898331725,2.3686466104587502
7.995396812114235,7.995396812114235,2024-06-05 06:45:00,1,83.27127357846442,0,13.121839456050722,2.8689541681777477
8.233996713879424,8.233996713879424,2024-06-05 06:50:00,1,83.27127357846442,0,13.360439357815912,3.107554069942937
8.59985600427893,8.59985600427893,2024-06-05 06:55:00,1,83.27127357846442,0,13.726298648215417,3.473413360342443
9.069368945246364,9.069368945246364,2024-06-05 07:00:00,1,83.27127357846442,0,14.195811589182851,3.9429263013098765
9.622654096089338,9.622654096089338,2024-06-05 07:05:00,1,83.27127357846442,0,14.749096740025825,4.496211452152851
10.194222115533503,10.194222115533503,2024-06-05 07:10:00,1,83.27127357846442,0,15.32066475946999,5.0677794715970155
10.59684887229118,10.59684887229118,2024-06-05 07:15:00,1,83.27127357846442,0,15.723291516227667,5.470406228354692
11.196094896500359,11.196094896500359,2024-06-05 07:20:00,1,83.27127357846442,0,16.322537540436848,6.069652252563872
12.08114643626229,12.08114643626229,2024-06-05 07:25:00,1,83.27127357846442,0,17.20758908019878,6.9547037923258035
12.607669519183656,12.607669519183656,2024-06-05 07:30:00,1,83.27127357846442,0,17.734112163120145,7.4812268752471685
13.061551131131917,13.061551131131917,2024-06-05 07:35:00,1,83.27127357846442,0,18.187993775068406,7.93510848719543
13.789745398757727,13.789745398757727,2024-06-05 07:40:00,1,83.27127357846442,0,18.916188042694216,8.66330275482124
14.76273063322558,14.76273063322558,2024-06-05 07:45:00,1,83.27127357846442,0,19.889173277162065,9.636287989289093
15.704193795342173,15.704193795342173,2024-06-05 07:50:00,1,83.27127357846442,0,20.83063643927866,10.577751151405685
16.50029280405767,16.50029280405767,2024-06-05 07:55:00,1,83.27127357846442,0,21.626735447994157,11.373850160121181
17.218496512946658,17.218496512946658,2024-06-05 08:00:00,1,83.27127357846442,0,22.344939156883143,12.09205386901017
18.396784365220917,18.396784365220917,2024-06-05 08:05:00,1,83.27127357846442,0,23.523227009157402,13.27034172128443
19.025046323162847,19.025046323162847,2024-06-05 08:10:00,1,83.27127357846442,0,24.151488967099333,13.89860367922636
19.70430153464911,19.70430153464911,2024-06-05 08:15:00,1,83.27127357846442,0,24.830744178585597,14.577858890712625
20.10515072450027,20.10515072450027,2024-06-05 08:20:00,1,83.27127357846442,0,25.231593368436755,14.978708080563782
20.843769841754586,20.843769841754586,2024-06-05 08:25:00,1,83.27127357846442,0,25.97021248569107,15.717327197818099
21.8522966127587,21.8522966127587,2024-06-05 08:30:00,1,83.27127357846442,0,26.978739256695185,16.725853968822214
22.49606427249835,22.49606427249835,2024-06-05 08:35:00,1,83.27127357846442,0,27.622506916434837,17.369621628561866
23.52475286115773,23.52475286115773,2024-06-05 08:40:00,1,83.27127357846442,0,28.651195505094215,18.398310217221244
24.50300323446192,24.50300323446192,2024-06-05 08:45:00,1,83.27127357846442,0,29.629445878398407,19.376560590525436
25.282959599765064,25.282959599765064,2024-06-05 08:50:00,1,83.27127357846442,0,30.40940224370155,20.15651695582858
25.887825126993008,25.887825126993008,2024-06-05 08:55:00,1,83.27127357846442,0,31.014267770929493,20.761382483056522
26.656947580329657,26.656947580329657,2024-06-05 09:00:00,1,83.27127357846442,0,31.783390224266142,21.53050493639317
27.736756780071175,27.736756780071175,2024-06-05 09:05:00,1,83.27127357846442,0,32.86319942400766,22.61031413613469
28.880745065410636,28.880745065410636,2024-06-05 09:10:00,1,83.27127357846442,0,34.00718770934712,23.75430242147415
30.048812511693285,30.048812511693285,2024-06-05 09:15:00,1,83.27127357846442,0,35.17525515562977,24.9223698677568
31.202494385963263,31.202494385963263,2024-06-05 09:20:00,1,83.27127357846442,0,36.32893702989975,26.076051742026777
32.520582507404384,32.520582507404384,2024-06-05 09:25:00,1,83.27127357846442,0,37.64702515134087,27.3941398634679
33.77153760474074,33.77153760474074,2024-06-05 09:30:00,1,83.27127357846442,0,38.89798024867723,28.645094960804258
34.99083017869516,34.99083017869516,2024-06-05 09:35:00,1,83.27127357846442,0,40.11727282263165,29.864387534758677
35.964265531270094,35.964265531270094,2024-06-05 09:40:00,1,83.27127357846442,0,41.09070817520658,30.83782288733361
37.016175056221734,37.016175056221734,2024-06-05 09:45:00,1,83.27127357846442,0,42.14261770015822,31.889732412285248
37.773498075903355,37.773498075903355,2024-06-05 09:50:00,1,83.27127357846442,0,42.89994071983984,32.64705543196687
38.125820145245775,38.125820145245775,2024-06-05 09:55:00,1,83.27127357846442,0,43.25226278918226,32.99937750130929
38.50400737885477,38.50400737885477,2024-06-05 10:00:00,1,83.27127357846442,0,43.63045002279126,33.37756473491829
39.053054631666406,39.053054631666406,2024-06-05 10:05:00,1,83.27127357846442,0,44.17949727560289,33.92661198772992
39.7767911359115,39.7767911359115,2024-06-05 10:10:00,1,83.27127357846442,0,44.90323377984799,34.650348491975016
40.568190340647995,40.568190340647995,2024-06-05 10:15:00,1,83.27127357846442,0,45.69463298458448,35.44174769671151
41.58685967685151,41.58685967685151,2024-06-05 10:20:00,1,83.27127357846442,0,46.713302320787996,36.460417032915025
42.32334034960048,42.32334034960048,2024-06-05 10:25:00,1,83.27127357846442,0,47.449782993536964,37.19689770566399
43.4315836742934,43.4315836742934,2024-06-05 10:30:00,1,83.27127357846442,0,48.558026318229885,38.305141030356914
44.41896094988585,44.41896094988585,2024-06-05 10:35:00,1,83.27127357846442,0,49.545403593822336,39.292518305949365
45.26599138087301,45.26599138087301,2024-06-05 10:40:00,1,83.27127357846442,0,50.392434024809496,40.139548736936526
46.18385217273998,46.18385217273998,2024-06-05 10:45:00,1,83.27127357846442,0,51.31029481667647,41.0574095288035
47.23471608407797,47.23471608407797,2024-06-05 10:50:00,1,83.27127357846442,0,52.36115872801445,42.10827344014148
48.24709776665134,48.24709776665134,2024-06-05 10:55:00,1,83.27127357846442,0,53.37354041058783,43.12065512271486
48.17060040953947,48.17060040953947,2024-06-05 11:00:00,1,83.27127357846442,0,53.29704305347595,43.04415776560298
48.16254438486009,48.16254438486009,2024-06-05 11:05:00,1,83.27127357846442,0,53.288987028796576,43.036101740923606
48.177977914188595,48.177977914188595,2024-06-05 11:10:00,1,83.27127357846442,0,53.30442055812508,43.05153527025211
48.24116369313811,48.24116369313811,2024-06-05 11:15:00,1,83.27127357846442,0,53.3676063370746,43.11472104920163
47.973781330196154,47.973781330196154,2024-06-05 11:20:00,1,83.27127357846442,0,53.10022397413264,42.84733868625967
47.75043306602341,47.75043306602341,2024-06-05 11:25:00,1,83.27127357846442,0,52.8768757099599,42.623990422086926
47.83464202182753,47.83464202182753,2024-06-05 11:30:00,1,83.27127357846442,0,52.96108466576401,42.70819937789104
47.65429089642506,47.65429089642506,2024-06-05 11:35:00,1,83.27127357846442,0,52.780733540361545,42.527848252488575
47.28732846762801,47.28732846762801,2024-06-05 11:40:00,1,83.27127357846442,0,52.41377111156449,42.16088582369152
46.865637114125455,46.865637114125455,2024-06-05 11:45:00,1,83.27127357846442,0,51.99207975806194,41.73919447018897
46.40747405323304,46.40747405323304,2024-06-05 11:50:00,1,83.27127357846442,0,51.53391669716952,41.28103140929655
46.16905373156106,46.16905373156106,2024-06-05 11:55:00,1,83.27127357846442,0,51.29549637549754,41.04261108762457
45.765735517523005,45.765735517523005,2024-06-05 12:00:00,1,83.27127357846442,0,50.89217816145949,40.63929287358652
45.59674993312063,45.59674993312063,2024-06-05 12:05:00,1,83.27127357846442,0,50.72319257705711,40.47030728918414
45.642840733947104,45.642840733947104,2024-06-05 12:10:00,1,83.27127357846442,0,50.76928337788359,40.51639809001062
45.931133014522835,45.931133014522835,2024-06-05 12:15:00,1,83.27127357846442,0,51.05757565845932,40.80469037058635
46.15979630238099,46.15979630238099,2024-06-05 12:20:00,1,83.27127357846442,0,51.286238946317475,41.033353658444504
46.44564688139581,46.44564688139581,2024-06-05 12:25:00,1,83.27127357846442,0,51.572089525332295,41.319204237459324
46.932567941923985,46.932567941923985,2024-06-05 12:30:00,1,83.27127357846442,0,52.05901058586047,41.8061252979875
47.191706489686545,47.191706489686545,2024-06-05 12:35:00,1,83.27127357846442,0,52.31814913362303,42.06526384575006
47.20695342593516,47.20695342593516,2024-06-05 12:40:00,1,83.27127357846442,0,52.33339606987165,42.080510781998676
47.28747199967065,47.28747199967065,2024-06-05 12:45:00,1,83.27127357846442,0,52.413914643607136,42.161029355734165
47.47430362285116,47.47430362285116,2024-06-05 12:50:00,1,83.27127357846442,0,52.600746266787645,42.347860978914674
47.28018831143938,47.28018831143938,2024-06-05 12:55:00,1,83.27127357846442,0,52.40663095537587,42.153745667502896
47.010295447422756,47.010295447422756,2024-06-05 13:00:00,1,83.27127357846442,0,52.13673809135924,41.88385280348627
46.68597427557001,46.68597427557001,2024-06-05 13:05:00,1,83.27127357846442,0,51.8124169195065,41.559531631633526
46.4992089423589,46.4992089423589,2024-06-05 13:10:00,1,83.27127357846442,0,51.62565158629538,41.37276629842241
46.04372230158051,46.04372230158051,2024-06-05 13:15:00,1,83.27127357846442,0,51.170164945516994,40.91727965764402
45.662581317558626,45.662581317558626,2024-06-05 13:20:00,1,83.27127357846442,0,50.78902396149511,40.53613867362214
45.322482122888296,45.322482122888296,2024-06-05 13:25:00,1,83.27127357846442,0,50.44892476682478,40.19603947895181
45.07515231335119,45.07515231335119,2024-06-05 13:30:00,1,83.27127357846442,0,50.201594957287675,39.948709669414704
44.95617411915793,44.95617411915793,2024-06-05 13:35:00,1,83.27127357846442,0,50.082616763094414,39.82973147522144
44.77665146158618,44.77665146158618,2024-06-05 13:40:00,1,83.27127357846442,0,49.90309410552266,39.65020881764969
44.954773812155416,44.954773812155416,2024-06-05 13:45:00,1,83.27127357846442,0,50.0812164560919,39.82833116821893
45.11119610810001,45.11119610810001,2024-06-05 13:50:00,1,83.27127357846442,0,50.237638752036496,39.984753464163525
45.62086810836551,45.62086810836551,2024-06-05 13:55:00,1,83.27127357846442,0,50.74731075230199,40.49442546442902
46.09445592757978,46.09445592757978,2024-06-05 14:00:00,1,83.27127357846442,0,51.220898571516265,40.968013283643295
46.874615941855645,46.874615941855645,2024-06-05 14:05:00,1,83.27127357846442,0,52.00105858579213,41.74817329791916
48.08629539089436,48.08629539089436,2024-06-05 14:10:00,1,83.27127357846442,0,53.21273803483084,42.95985274695787
49.46918734798391,49.46918734798391,2024-06-05 14:15:00,1,83.27127357846442,0,54.5956299919204,44.342744704047426
50.79806292379436,50.79806292379436,2024-06-05 14:20:00,1,83.27127357846442,0,55.92450556773085,45.671620279857876
51.91106393632796,51.91106393632796,2024-06-05 14:25:00,1,83.27127357846442,0,57.03750658026445,46.78462129239148
52.91388574499179,52.91388574499179,2024-06-05 14:30:00,1,83.27127357846442,0,58.04032838892827,47.7874431010553
53.60642597959344,53.60642597959344,2024-06-05 14:35:00,1,83.27127357846442,0,58.732868623529924,48.479983335656954
54.31476292690748,54.31476292690748,2024-06-05 14:40:00,1,83.27127357846442,0,59.44120557084396,49.18832028297099
54.66784159740071,54.66784159740071,2024-06-05 14:45:00,1,83.27127357846442,0,59.794284241337195,49.541398953464224
54.699467979045124,54.699467979045124,2024-06-05 14:50:00,1,83.27127357846442,0,59.82591062298161,49.57302533510864
54.830060532422934,54.830060532422934,2024-06-05 14:55:00,1,83.27127357846442,0,59.95650317635942,49.70361788848645
55.40213600324671,55.40213600324671,2024-06-05 15:00:00,1,83.27127357846442,0,60.528578647183195,50.275693359310225
56.078581488046396,56.078581488046396,2024-06-05 15:05:00,1,83.27127357846442,0,61.20502413198288,50.95213884410991
56.97196616096653,56.97196616096653,2024-06-05 15:10:00,1,83.27127357846442,0,62.098408804903016,51.845523517030045
58.10008550684769,58.10008550684769,2024-06-05 15:15:00,1,83.27127357846442,0,63.226528150784176,52.973642862911205
59.37153168601739,59.37153168601739,2024-06-05 15:20:00,1,83.27127357846442,0,64.49797432995388,54.245089042080906
60.65697861766661,60.65697861766661,2024-06-05 15:25:00,1,83.27127357846442,0,65.7834212616031,55.530535973730125
61.73173423735982,61.73173423735982,2024-06-05 15:30:00,1,83.27127357846442,0,66.8581768812963,56.60529159342333
62.76215951920163,62.76215951920163,2024-06-05 15:35:00,1,83.27127357846442,0,67.88860216313812,57.635716875265146
63.954373067005086,63.954373067005086,2024-06-05 15:40:00,1,83.27127357846442,0,69.08081571094158,58.8279304230686
65.10840261670096,65.10840261670096,2024-06-05 15:45:00,1,83.27127357846442,0,70.23484526063744,59.98195997276447
66.25861799253622,66.25861799253622,2024-06-05 15:50:00,1,83.27127357846442,0,71.3850606364727,61.13217534859973
67.43851943994136,67.43851943994136,2024-06-05 15:55:00,1,83.27127357846442,0,72.56496208387784,62.312076796004874
68.5830001668679,68.5830001668679,2024-06-05 16:00:00,1,83.27127357846442,0,73.70944281080439,63.45655752293142
69.83212222296231,69.83212222296231,2024-06-05 16:05:00,1,83.27127357846442,0,74.9585648668988,64.70567957902583
71.06516945984544,71.06516945984544,2024-06-05 16:10:00,1,83.27127357846442,0,76.19161210378192,65.93872681590895
72.19781309016656,72.19781309016656,2024-06-05 16:15:00,1,83.27127357846442,0,77.32425573410305,67.07137044623008
73.23833854382308,73.23833854382308,2024-06-05 16:20:00,1,83.27127357846442,0,78.36478118775956,68.11189589988659
74.04348037292155,74.04348037292155,2024-06-05 16:25:00,1,83.27127357846442,0,79.16992301685804,68.91703772898506
74.71129364841073,74.71129364841073,2024-06-05 16:30:00,1,83.27127357846442,0,79.83773629234722,69.58485100447425
75.15366519772448,75.15366519772448,2024-06-05 16:35:00,1,83.27127357846442,0,80.28010784166096,70.027222553788
75.52269348135204,75.52269348135204,2024-06-05 16:40:00,1,83.27127357846442,0,80.64913612528852,70.39625083741555
75.91618368825888,75.91618368825888,2024-06-05 16:45:00,1,83.27127357846442,0,81.04262633219537,70.7897410443224
75.91618368825888,76.0678995484001,2024-06-05 16:50:00,0,83.27127357846442,0,NA,NA
